Content,Video title,Video publish time,Duration,Average view duration,Views,Watch time (hours),Subscribers,Estimated revenue (USD),Impressions,Impressions click-through rate (%)
Total,,,,0:03:01,146866,7384.5516,1059,0,1739987,5.8
9ITLicQfKaU,HBCU Teambuilder Teams To Download In EA College Football Pt.1,"Oct 6, 2024",1049,0:03:37,21036,1271.7491,187,,183929,8.41
LPVys5z3YJs,HBCU’s In EA College Football?,"May 20, 2024",601,0:02:52,17339,828.9739,130,,197886,6.46
jjy06inlCuQ,My College Football 25 Gameplay DEEP DIVE!,"Jun 23, 2024",1311,0:06:22,5847,621.7876,39,,96901,4.87
zB7lFywaK1g,College Football 25 Dynasty Extras,"Jul 7, 2024",521,0:03:31,10228,601.2493,44,,105111,7.61
Gn327EVDzMM,From LSU to Southern! What Happened?,"Sep 7, 2025",290,0:01:45,18850,549.8483,27,,224856,4.39
6okzRTYzmFE,From Arkansas to Alabama State! What Happened?,"Jun 20, 2026",650,0:03:03,10007,510.9309,50,,116494,4.76
HxFAGCl7Te4,"Team Builder Just SAVED College Football 26 | New Features, Imports & Customization!","Jun 27, 2025",585,0:02:35,9878,427.6092,29,,82595,9.15
G4C3-axJ1vk,HBCU Teambuilder Teams To Download In EA College Football Pt.2,"Nov 9, 2024",596,0:02:31,7311,308.0132,68,,53466,9.95
S4-JnfrneJ8,EVERYTHING You Need To Know About RECRUITING In College Football 25!,"Jul 6, 2024",1354,0:07:07,2543,301.6396,22,,43113,3.94
7eYI5xfI40Y,HBCUs In College Football 26?,"Jun 8, 2025",399,0:01:39,9359,258.206,87,,60600,11.28
Fpke9W0d6V4,HBCUs in College Football 27 | Is Team Builder Finally Enough?,"Jun 25, 2026",756,0:02:24,4605,184.3446,45,,57469,5.59
N5yjzABL878,EVERYTHING You Need To Know About COACHING In College Football 25!,"Jul 4, 2024",651,0:03:23,2912,164.7739,12,,32268,7.17
XGZFcFb53ic,From Oregon To Delaware St.! What Happened?,"Aug 27, 2025",322,0:02:04,4487,154.635,11,,43240,7.51
FIbk_cSOlLA,Who Will Make The Best or Next College Basketball Game?,"Jan 18, 2025",646,0:03:07,2900,151.0942,17,,62940,3.57
9P0pzO4E4js,The Ashton Jeanty of HBCU Football?,"Dec 16, 2024",732,0:04:13,1646,116.0533,10,,21629,5.22
ummFO1ae4yM,My College Football 25 Sights and Sounds DEEP DIVE!,"Jun 29, 2024",841,0:04:18,1365,98.0866,10,,30486,3.73
L8LEPLFPPZU,Notable HBCU Transfers! (2024),"May 26, 2024",643,0:03:47,1322,83.4043,13,,33127,3.12
VXZACImQX4U,HBCU’s vs the NFL Draft?,"May 12, 2024",421,0:02:36,1323,57.5977,13,,26588,3.87
R8w4uNoA2EY,The Most Tampered With Freshman In College Basketball?,"Feb 17, 2025",397,0:01:46,1837,54.1793,4,,16506,3.9
lXvGkycXgLk,Everything WRONG With College Football 26 Teambuilder Dynasty,"Aug 1, 2025",492,0:02:51,594,28.2716,3,,19501,2.22
SPxbHRLriLg,EA Shuts Down TeamBuilder Site!,"Jul 3, 2025",254,0:01:11,1346,26.7335,8,,19512,4.4
kNrItALXwkY,The Solid Circle Podcast Episode 26 | Get In The ZONE!,"Jul 17, 2022",6125,0:22:40,66,24.9465,0,,448,8.93
KAiPP_tpPNw,From the Power 4 to Savannah State! What Happened?,"Sep 18, 2025",221,0:01:28,941,23.0208,4,,17049,4.24
G-QYkEXPhTE,Rugby To The NFL!,"Jul 11, 2024",462,0:02:32,412,17.4387,4,,9644,2.81
jAr6ar5zpCc,Eddie Robinson: The Greatest Coach Ever?,"May 3, 2024",508,0:03:05,307,15.8543,4,,5452,3.06
Dv4dCnd2Dl0,The HBCU to ACC Pipeline?,"Jan 15, 2026",667,0:02:59,292,14.5607,1,,8546,2.57
gig3aSehc0M,Power 4 Talent At An HBCU!,"Mar 13, 2025",446,0:02:10,385,13.9329,1,,8852,3.57
pmvA2znvKAI,Darius Leonard: An HBCU Legend!,"Jun 11, 2024",494,0:02:19,348,13.4718,0,,17291,1.6
SWkWMZlvRr8,Khadarel Hodge: How Did He Get To This Point?,"Oct 13, 2024",435,0:01:46,433,12.7541,2,,15229,2.32
XvyhCoTuq5o,Potential HBCU Upsets! (2024),"Jul 25, 2024",557,0:02:23,300,11.9336,5,,9298,2.58
CkyOIcbaCe8,Micheal Vick and Desean Jackson Are Head Coaches!,"Dec 28, 2024",441,0:01:54,344,10.9092,2,,11483,2.39
z-9mk1c-dLQ,Michael Vick's New Jersey!,"Jun 1, 2025",215,0:01:26,447,10.7016,1,,9492,2.77
SQYH5vWOajI,NEW DIRECTION! | The Solid Circle Podcast #29,"Aug 7, 2022",4411,0:13:19,43,9.5452,0,,298,10.4
InwNUCxA-ys,HBCU’s Only Player Drafted!,"Mar 8, 2025",313,0:01:59,279,9.2957,4,,7695,2.66
tSjL32HS9_M,Live Your TRUTH! | The Solid Circle Podcast #30,"Aug 14, 2022",4253,0:18:26,27,8.2974,0,,351,5.41
BnxfCwrc--0,HBCU's Are Embracing NILs!,"May 17, 2024",420,0:02:53,170,8.2115,2,,3507,2.97
GkO7d0lywYo,The Solid Circle Podcast Episode 19 | Three The Hard Way!!!,"May 31, 2022",5545,0:15:13,32,8.1169,-1,,389,5.4
ZjkooZVVBH0,Every HBCU Player in Madden 26… And Who’s the Best!,"Aug 10, 2025",848,0:02:09,197,7.1091,1,,7105,1.58
Lg8aaipJH-A,Stay Out Yo MIND! | The Solid Circle Podcast #31,"Aug 21, 2022",3523,0:11:20,33,6.2392,0,,344,6.69
FwhJnNgMlfw,Taking CHARGE! | The Solid Circle Podcast #32,"Aug 28, 2022",3667,0:21:16,16,5.6741,1,,243,4.53
8nzjVUoc8Qc,These 4 HBCU Stars Are On The Move!,"Jun 2, 2025",426,0:02:14,120,4.4745,0,,5045,1.59
7sxjTgWLbms,Stating The OBVIOUS! | The Solid Circle Podcast #35,"Sep 26, 2022",2638,0:13:36,19,4.311,0,,192,7.81
xMX8wrW1MPM,John Madden’s Unknown Love for HBCUs,"Aug 17, 2025",196,0:01:46,142,4.1821,0,,6973,1.41
L1lHVxqOYqQ,Are You COMPATIBLE? | The Solid Circle Podcast #33,"Sep 5, 2022",3422,0:11:07,22,4.08,1,,660,2.42
iB1pEvL0yyU,What's Your MOTIVE | The Solid Circle Podcast #36,"Oct 3, 2022",4245,0:12:45,18,3.8276,0,,156,6.41
tx2EhAX0HNY,Don't FUMBLE! | The Solid Circle Podcast #34,"Sep 12, 2022",3616,0:11:44,19,3.7156,-1,,715,2.38
x8v8CkAQT68,The Solid Circle Podcast Episode 28 | The FLATLINER!,"Jul 31, 2022",2314,0:11:04,20,3.6898,0,,105,11.43
dlYDI1KdA0A,FAMU Lands CHARLIE WARD As Their New Coach!,"Apr 18, 2025",220,0:01:24,150,3.5306,2,,9017,1.21
G3zEp7W_8cQ,delscene,,1482,0:15:34,13,3.3731,1,,0,
CY58ccr2_Vo,The Browns Got Shedeur… But Did Coach Prime Hurt His Draft Stock?,"Apr 26, 2025",534,0:02:15,81,3.0443,0,,3621,1.46
EBiFZ6FRZHg,How These HBCU Athletes Became WWE Superstars,"Apr 24, 2025",402,0:01:59,70,2.3205,1,,2881,1.7
hx2WtoqY1oM,Patrick Mahomes Reps HBCU Legacy Bowl At SUPER BOWL LIX,"Feb 9, 2025",300,0:01:05,128,2.3147,1,,9386,0.99
l7tKD3iqs6s,He Tore His ACL and Got Cut by the NFL. Then This Happened.,"Jul 2, 2026",351,0:02:19,56,2.1672,1,,2177,1.65
Ifdu-zMNFyc,Let’s Go‼️ #easportscollegefootball #collegefootball #eacollegefootball #collegegame #collegesports,"Jul 6, 2024",15,0:00:12,394,1.4056,2,,1433,2.02
Rpe0KJVYmRE,Journey of Champions: Celebrating the Legends of HBCU Sports,"Apr 30, 2024",66,0:00:39,42,0.4554,1,,441,6.12
JSeSnckQegk,"Deacon Jones. Mississippi Vocational College (now Mississippi Valley State).

He invented the word ""","Jun 24, 2026",15,0:00:11,72,0.0637,0,,0,
BoR_E4sU0WE,"Willie Lanier. Morgan State University.

In 1967 he became the first Black player to start at middle","Jun 30, 2026",15,0:00:11,42,0.0413,0,,0,
Mfz9Uj-y48g,"Rayfield Wright. Fort Valley State University.

They called him ""The Big Cat."" From 1967 to 1979 he","Jul 12, 2026",15,0:00:13,13,0.0115,,,0,
