Date,Average view duration
2026-06-15,0:02:04
2026-06-16,0:00:28
2026-06-17,0:01:46
2026-06-18,0:03:21
2026-06-19,0:03:23
2026-06-20,0:02:42
2026-06-21,0:03:50
2026-06-22,0:03:12
2026-06-23,0:03:00
2026-06-24,0:02:38
2026-06-25,0:02:43
2026-06-26,0:02:40
2026-06-27,0:02:34
2026-06-28,0:02:45
2026-06-29,0:02:59
2026-06-30,0:02:55
2026-07-01,0:03:07
2026-07-02,0:03:20
2026-07-03,0:02:44
2026-07-04,0:02:11
2026-07-05,0:02:21
2026-07-06,0:02:56
2026-07-07,0:02:15
2026-07-08,0:03:15
2026-07-09,0:02:38
2026-07-10,0:01:53
2026-07-11,0:02:27
2026-07-12,0:02:07
